figure_id,figure_file_png,figure_file_pdf,figure_title,suggested_caption,research_message
baseline_mape_by_model_window,results/figures/baseline_mape_by_model_window.png,results/figures/baseline_mape_by_model_window.pdf,Baseline MAPE by model and cold-start window,"Mean baseline MAPE across rolling cold-start samples, grouped by model and training-window length.",Compares baseline difficulty across models and cold-start windows before augmentation.
augmentation_mape_by_ratio_window,results/figures/augmentation_mape_by_ratio_window.png,results/figures/augmentation_mape_by_ratio_window.pdf,Augmented MAPE by augmentation ratio and cold-start window,Mean MAPE under statistical continuation augmentation. Larger augmentation ratios generally produce higher errors.,Shows that larger synthetic continuation blocks worsen performance.
mape_difference_heatmap,results/figures/mape_difference_heatmap.png,results/figures/mape_difference_heatmap.pdf,Mean MAPE difference heatmap,"Mean MAPE difference, computed as augmented MAPE minus baseline MAPE. Positive values indicate worse augmented performance.",Identifies where statistical continuation augmentation helps or hurts.
improvement_rate_by_model_ratio,results/figures/improvement_rate_by_model_ratio.png,results/figures/improvement_rate_by_model_ratio.pdf,Improvement rate by model and augmentation ratio,Fraction of paired comparisons in which augmented MAPE was lower than baseline MAPE.,Shows that augmentation improves only a minority of comparisons.
sector_level_mape_difference,results/figures/sector_level_mape_difference.png,results/figures/sector_level_mape_difference.pdf,Sector-level MAPE difference,Mean MAPE difference by sector and augmentation ratio. Positive values indicate degradation under augmentation.,Compares sector-level degradation while keeping augmentation ratio separate.
baseline_vs_augmented_distribution,results/figures/baseline_vs_augmented_distribution.png,results/figures/baseline_vs_augmented_distribution.pdf,Distribution of baseline and augmented MAPE,"Boxplots compare the distribution of baseline and augmented MAPE by augmentation ratio, excluding plotted outliers for readability.",Shows distributional shift rather than only average change.
baseline_vs_augmented_distribution_zoomed,results/figures/baseline_vs_augmented_distribution_zoomed.png,results/figures/baseline_vs_augmented_distribution_zoomed.pdf,"Distribution of baseline and augmented MAPE, zoomed","Boxplots compare baseline and augmented MAPE with the display limited to 0-40 MAPE. Extreme values are excluded only visually, not analytically.",Shows the central distribution while preserving the negative-result interpretation and retaining outliers in analysis tables.
example_forecast_failure_case,results/figures/example_forecast_failure_case.png,results/figures/example_forecast_failure_case.pdf,Representative forecast failure case,Example where statistical continuation augmentation strongly increased MAPE. Synthetic continuation values visibly shift the forecast away from the true test path.,Visually explains how continuation augmentation can distort forecasts.
example_forecast_improvement_case,results/figures/example_forecast_improvement_case.png,results/figures/example_forecast_improvement_case.pdf,Representative forecast improvement case,"Example where statistical continuation augmentation reduced MAPE. Such cases occur, but they are a minority in this pilot.",Shows that improvement occurs in some cases but is not dominant.
